SampleID	Env	SourceSink	id
haib17CEM5106_HCVMTCCXY_SL269525	stairwell_railing	Sink	1
haib17CEM5106_HCY5JCCXY_SL269525	stairwell_railing	Sink	2
haib17CEM5106_HCVMTCCXY_SL269548	stairwell_railing	Sink	3
haib17CEM5106_HCY5JCCXY_SL269548	stairwell_railing	Sink	4
haib17CEM5106_HCVMTCCXY_SL269557	stairwell_railing	Sink	5
haib17CEM5106_HCY5JCCXY_SL269557	stairwell_railing	Sink	6
haib17CEM5106_HCVMTCCXY_SL269562	stairwell_railing	Sink	7
haib17CEM5106_HCY5JCCXY_SL269562	stairwell_railing	Sink	8
haib17CEM5106_HCVMTCCXY_SL269578	stairwell_railing	Sink	9
haib17CEM5106_HCY5JCCXY_SL269578	stairwell_railing	Sink	10
haib17CEM5106_HCVMTCCXY_SL269580	stairwell_railing	Sink	11
haib17CEM5106_HCY5JCCXY_SL269580	stairwell_railing	Sink	12
haib17CEM5106_HCVMTCCXY_SL269582	stairwell_railing	Sink	13
haib17CEM5106_HCY5JCCXY_SL269582	stairwell_railing	Sink	14
haib17CEM5106_HCVMTCCXY_SL269586	stairwell_railing	Sink	15
haib17CEM5106_HCY5JCCXY_SL269586	stairwell_railing	Sink	16
haib17CEM5106_HCVMTCCXY_SL269592	stairwell_railing	Sink	17
haib17CEM5106_HCY5JCCXY_SL269592	stairwell_railing	Sink	18
haib17CEM5106_HCVMTCCXY_SL269595	stairwell_railing	Sink	19
haib17CEM5106_HCY5JCCXY_SL269595	stairwell_railing	Sink	20
haib17CEM5106_HCVMTCCXY_SL269596	stairwell_railing	Sink	21
haib17CEM5106_HCY5JCCXY_SL269596	stairwell_railing	Sink	22
haib17CEM5106_HCVMTCCXY_SL269602	stairwell_railing	Sink	23
haib17CEM5106_HCY5JCCXY_SL269602	stairwell_railing	Sink	24
haib17CEM5106_HCVMTCCXY_SL269605	stairwell_railing	Sink	25
haib17CEM5106_HCY5JCCXY_SL269605	stairwell_railing	Sink	26
haib17CEM5106_HCVMTCCXY_SL269608	stairwell_railing	Sink	27
haib17CEM5106_HCY5JCCXY_SL269608	stairwell_railing	Sink	28
haib17CEM5106_HCV72CCXY_SL269720	stairwell_railing	Sink	29
haib17CEM5106_HCV72CCXY_SL269725	stairwell_railing	Sink	30
haib17CEM5106_HCV72CCXY_SL269731	stairwell_railing	Sink	31
haib17CEM5106_HCV72CCXY_SL269742	stairwell_railing	Sink	32
haib17CEM5106_HCV72CCXY_SL269749	stairwell_railing	Sink	33
haib17CEM5106_HCV72CCXY_SL269750	stairwell_railing	Sink	34
haib17CEM5106_HCV72CCXY_SL269753	stairwell_railing	Sink	35
haib17CEM5106_HCV72CCXY_SL269757	stairwell_railing	Sink	36
haib17CEM5106_HCV72CCXY_SL269758	stairwell_railing	Sink	37
haib17CEM5106_HCV72CCXY_SL269759	stairwell_railing	Sink	38
haib17CEM5106_HCV72CCXY_SL269777	stairwell_railing	Sink	39
haib17CEM5106_HCV72CCXY_SL269779	stairwell_railing	Sink	40
haib17CEM5106_HCV72CCXY_SL269782	stairwell_railing	Sink	41
haib17CEM5106_HCV72CCXY_SL269787	stairwell_railing	Sink	42
haib17CEM5106_HCV72CCXY_SL269803	stairwell_railing	Sink	43
haib17DB4959_H3MGVCCXY_SL259835	bench	Source	
haib17DB4959_H3MGVCCXY_SL259847	bench	Source	
haib17DB4959_HTWH2CCXY_SL363886	bench	Source	
haib17DB4959_H3MGVCCXY_SL259825	bench	Source	
haib17DB4959_HTWH2CCXY_SL363948	bench	Source	
haib17DB4959_HTWH2CCXY_SL363933	bench	Source	
haib17DB4959_HTWH2CCXY_SL363904	bench	Source	
haib17DB4959_HTWH2CCXY_SL363909	bench	Source	
haib17DB4959_HTWH2CCXY_SL363892	bench	Source	
haib17DB4959_HTWH2CCXY_SL363896	bench	Source	
haib17DB4959_HTWH2CCXY_SL363511	bench	Source	
haib17DB4959_HTWH2CCXY_SL363582	bench	Source	
haib17DB4959_H3MGVCCXY_SL259896	bench	Source	
haib17DB4959_H3MGVCCXY_SL259839	bench	Source	
haib17DB4959_H3MGVCCXY_SL259891	bench	Source	
haib17CEM5106_HCVMTCCXY_SL269524	bench	Source	
haib17CEM5106_HCY5JCCXY_SL269524	bench	Source	
haib17CEM5106_HCVMTCCXY_SL269529	bench	Source	
haib17CEM5106_HCY5JCCXY_SL269529	bench	Source	
haib17CEM5106_HCVMTCCXY_SL269534	bench	Source	
haib17CEM5106_HCY5JCCXY_SL269534	bench	Source	
haib17CEM5106_HCVMTCCXY_SL269555	bench	Source	
haib17CEM5106_HCY5JCCXY_SL269555	bench	Source	
haib17CEM5106_HCVMTCCXY_SL269556	bench	Source	
haib17CEM5106_HCY5JCCXY_SL269556	bench	Source	
haib17CEM5106_HCVMTCCXY_SL269560	bench	Source	
haib17CEM5106_HCY5JCCXY_SL269560	bench	Source	
haib17CEM5106_HCVMTCCXY_SL269565	bench	Source	
haib17CEM5106_HCY5JCCXY_SL269565	bench	Source	
haib17CEM5106_HCVMTCCXY_SL269577	bench	Source	
haib17CEM5106_HCY5JCCXY_SL269577	bench	Source	
haib17CEM5106_HCVMTCCXY_SL269579	bench	Source	
haib17CEM5106_HCY5JCCXY_SL269579	bench	Source	
haib17CEM5106_HCVMTCCXY_SL269581	bench	Source	
haib17CEM5106_HCY5JCCXY_SL269581	bench	Source	
haib17CEM5106_HCVMTCCXY_SL269583	bench	Source	
haib17CEM5106_HCY5JCCXY_SL269583	bench	Source	
haib17CEM5106_HCVMTCCXY_SL269585	bench	Source	
haib17CEM5106_HCY5JCCXY_SL269585	bench	Source	
haib17CEM5106_HCVMTCCXY_SL269587	bench	Source	
haib17CEM5106_HCY5JCCXY_SL269587	bench	Source	
haib17CEM5106_HCVMTCCXY_SL269594	bench	Source	
haib17CEM5106_HCY5JCCXY_SL269594	bench	Source	
haib17CEM5106_HCVMTCCXY_SL269603	bench	Source	
haib17CEM5106_HCY5JCCXY_SL269603	bench	Source	
haib17CEM5106_HCVMTCCXY_SL269604	bench	Source	
haib17CEM5106_HCY5JCCXY_SL269604	bench	Source	
haib17CEM5106_HCVMTCCXY_SL269609	bench	Source	
haib17CEM5106_HCY5JCCXY_SL269609	bench	Source	
haib17CEM5106_HCV72CCXY_SL269721	bench	Source	
haib17CEM5106_HCV72CCXY_SL269729	bench	Source	
haib17CEM5106_HCV72CCXY_SL269746	bench	Source	
haib17CEM5106_HCV72CCXY_SL269752	bench	Source	
haib17CEM5106_HCV72CCXY_SL269754	bench	Source	
haib17CEM5106_HCV72CCXY_SL269756	bench	Source	
haib17CEM5106_HCV72CCXY_SL269760	bench	Source	
haib17CEM5106_HCV72CCXY_SL269778	bench	Source	
haib17CEM5106_HCV72CCXY_SL269781	bench	Source	
haib17CEM5106_HCV72CCXY_SL269784	bench	Source	
haib17CEM5106_HCV72CCXY_SL269788	bench	Source	
haib17CEM5106_HCV72CCXY_SL269791	bench	Source	
haib17CEM5106_HCV72CCXY_SL269804	bench	Source	
haib17CEM5106_HCV72CCXY_SL269805	bench	Source	
haib17CEM4890_HMCMJCCXY_SL335779	kiosk	Source	
haib17CEM4890_HMCMJCCXY_SL335791	turnstile	Source	
haib17CEM4890_HMCMJCCXY_SL335803	kiosk	Source	
haib17CEM4890_HMCMJCCXY_SL335839	kiosk	Source	
haib17CEM4890_HMCMJCCXY_SL335851	kiosk	Source	
haib17CEM4890_HMCMJCCXY_SL335863	railing	Source	
haib17CEM4890_HMCMJCCXY_SL335792	kiosk	Source	
haib17CEM4890_HMCMJCCXY_SL335804	railing	Source	
haib17CEM4890_HMCMJCCXY_SL335828	kiosk	Source	
haib17CEM4890_HMCMJCCXY_SL335840	kiosk	Source	
haib17CEM4890_HMCMJCCXY_SL335852	railing	Source	
haib17CEM4890_HMCMJCCXY_SL335864	railing	Source	
haib17CEM4890_HMCMJCCXY_SL335781	kiosk	Source	
haib17CEM4890_HMCMJCCXY_SL335793	railing	Source	
haib17CEM4890_HMCMJCCXY_SL335805	kiosk	Source	
haib17CEM4890_HMCMJCCXY_SL335841	kiosk	Source	
haib17CEM4890_HMCMJCCXY_SL335865	railing	Source	
haib17CEM4890_HMCMJCCXY_SL335794	railing	Source	
haib17CEM4890_HMCMJCCXY_SL335806	kiosk	Source	
haib17CEM4890_HMCMJCCXY_SL335818	kiosk	Source	
haib17CEM4890_HMCMJCCXY_SL335795	railing	Source	
haib17CEM4890_HMCMJCCXY_SL335807	kiosk	Source	
haib17CEM4890_HMCMJCCXY_SL335831	railing	Source	
haib17CEM4890_HMCMJCCXY_SL335843	railing	Source	
haib17CEM4890_HMCMJCCXY_SL335855	kiosk	Source	
haib17CEM4890_HMCMJCCXY_SL335867	railing	Source	
haib17CEM4890_H2NYMCCXY_SL254796	railing	Source	
haib17CEM4890_H2NYMCCXY_SL254808	turnstile	Source	
haib17CEM4890_H2NYMCCXY_SL254820	turnstile	Source	
haib17CEM4890_H2NYMCCXY_SL254856	turnstile	Source	
haib17CEM4890_H2NYMCCXY_SL254797	railing	Source	
haib17CEM4890_H2NYMCCXY_SL254809	railing	Source	
haib17CEM4890_H2NYMCCXY_SL254833	kiosk	Source	
haib17CEM4890_H2NYMCCXY_SL254857	kiosk	Source	
haib17CEM4890_H2NYMCCXY_SL254786	kiosk	Source	
haib17CEM4890_HTVVJCCXY_SL367040	kiosk	Source	
haib17CEM4890_HTVVJCCXY_SL367076	railing	Source	
haib17CEM4890_HTVVJCCXY_SL367005	kiosk	Source	
haib17CEM4890_HTVVJCCXY_SL367017	turnstile	Source	
haib17CEM4890_HTVVJCCXY_SL367029	kiosk	Source	
haib17CEM4890_HTVVJCCXY_SL367041	kiosk	Source	
haib17CEM4890_HTVVJCCXY_SL367053	railing	Source	
haib17CEM4890_HTVVJCCXY_SL367065	kiosk	Source	
haib17CEM4890_HTVVJCCXY_SL367077	turnstile	Source	
haib17CEM4890_HTVVJCCXY_SL367089	kiosk	Source	
haib17CEM4890_HTVVJCCXY_SL367030	kiosk	Source	
haib17CEM4890_HTVVJCCXY_SL367042	railing	Source	
haib17CEM4890_HTVVJCCXY_SL367078	kiosk	Source	
haib17CEM4890_HTVVJCCXY_SL367090	kiosk	Source	
haib17DB4959_H3MGVCCXY_SL259871	ticket_machine	Source	
haib17DB4959_H3MGVCCXY_SL259859	handrail	Source	
haib17DB4959_HTWH2CCXY_SL363894	ticket_machine	Source	
haib17DB4959_HTWH2CCXY_SL363888	ticket_machine	Source	
haib17DB4959_HTWH2CCXY_SL363917	ticket_machine	Source	
haib17DB4959_HTWH2CCXY_SL363902	ticket_machine	Source	
haib17DB4959_HTWH2CCXY_SL363889	vertical_pole	Source	
haib17DB4959_HTWH2CCXY_SL363542	handrail	Source	
haib17DB4959_HTWH2CCXY_SL363578	handrail	Source	
haib17DB4959_HTWH2CCXY_SL363555	ticket_machine	Source	
haib17DB4959_HTWH2CCXY_SL363893	ticket_machine	Source	
haib17DB4959_HTWH2CCXY_SL363505	ticket_machine	Source	
haib17DB4959_HTWH2CCXY_SL363519	sensor	Source	
haib17DB4959_H3MGVCCXY_SL259884	handrail	Source	
haib17DB4959_HTWH2CCXY_SL363939	sensor	Source	
haib17DB4959_HTWH2CCXY_SL363943	ticket_machine	Source	
haib17DB4959_HTWH2CCXY_SL363568	sensor	Source	
haib17DB4959_H3MGVCCXY_SL259826	vertical_pole	Source	
haib17DB4959_HTWH2CCXY_SL363567	ticket_machine	Source	
haib17DB4959_H3MGVCCXY_SL259836	sensor	Source	
haib17DB4959_HTWH2CCXY_SL363492	handrail	Source	
haib17DB4959_H3MGVCCXY_SL259838	sensor	Source	
haib17DB4959_HTWH2CCXY_SL363518	handrail	Source	
haib17DB4959_H3MGVCCXY_SL259824	handrail	Source	
haib17DB4959_HTWH2CCXY_SL363491	handrail	Source	
haib17DB4959_HTWH2CCXY_SL363489	handrail	Source	
haib17DB4959_HTWH2CCXY_SL363930	sensor	Source	
haib17DB4959_HTWH2CCXY_SL363527	sensor	Source	
haib17DB4959_HTWH2CCXY_SL363494	sensor	Source	
haib17DB4959_HTWH2CCXY_SL363942	ticket_machine	Source	
haib17DB4959_HTWH2CCXY_SL363495	sensor	Source	
haib17DB4959_HTWH2CCXY_SL363501	ticket_machine	Source	
haib17DB4959_HTWH2CCXY_SL363528	ticket_machine	Source	
haib17DB4959_HTWH2CCXY_SL363580	ticket_machine	Source	
haib17DB4959_HTWH2CCXY_SL363936	sensor	Source	
haib17DB4959_HTWH2CCXY_SL363490	ticket_machine	Source	
haib17DB4959_HTWH2CCXY_SL363544	vertical_pole	Source	
haib17DB4959_HTWH2CCXY_SL363574	vertical_pole	Source	
haib17DB4959_HTWH2CCXY_SL363538	door	Source	
haib17DB4959_HTWH2CCXY_SL363539	ticket_machine	Source	
haib17DB4959_HTWH2CCXY_SL363576	vertical_pole	Source	
haib17DB4959_HTWH2CCXY_SL363551	ticket_machine	Source	
haib17DB4959_HTWH2CCXY_SL363563	vertical_pole	Source	
haib17DB4959_HTWH2CCXY_SL363550	door	Source	
haib17DB4959_HTWH2CCXY_SL363556	handrail	Source	
haib17DB4959_HTWH2CCXY_SL363496	handrail	Source	
haib17DB4959_HTWH2CCXY_SL363520	handrail	Source	
haib17DB4959_HTWH2CCXY_SL363581	ticket_machine	Source	
haib17DB4959_HTWH2CCXY_SL363508	sensor	Source	
haib17DB4959_HTWH2CCXY_SL363532	door	Source	
haib17DB4959_HTWH2CCXY_SL363903	ticket_machine	Source	
haib17DB4959_HTWH2CCXY_SL363583	door	Source	
haib17DB4959_HTWH2CCXY_SL363533	turnstile	Source	
haib17DB4959_HTWH2CCXY_SL363522	handrail	Source	
haib17DB4959_HTWH2CCXY_SL363887	ticket_machine	Source	
haib17DB4959_HTWH2CCXY_SL363499	sensor	Source	
haib17DB4959_HTWH2CCXY_SL363509	handrail	Source	
haib17DB4959_HTWH2CCXY_SL363901	turnstile	Source	
haib17DB4959_HTWH2CCXY_SL363890	turnstile	Source	
haib17DB4959_HTWH2CCXY_SL363882	turnstile	Source	
haib17DB4959_HTWH2CCXY_SL363885	turnstile	Source	
haib17DB4959_HTWH2CCXY_SL363900	ticket_machine	Source	
haib17DB4959_HTWH2CCXY_SL363941	ticket_machine	Source	
haib17DB4959_HTWH2CCXY_SL363905	vertical_pole	Source	
haib17DB4959_HTWH2CCXY_SL363546	handrail	Source	
haib17DB4959_HTWH2CCXY_SL363535	ticket_machine	Source	
haib17DB4959_HTWH2CCXY_SL363510	handrail	Source	
haib17DB4959_HTWH2CCXY_SL363548	turnstile	Source	
haib17DB4959_HTWH2CCXY_SL363584	ticket_machine	Source	
haib17DB4959_HTWH2CCXY_SL363557	ticket_machine	Source	
haib17DB4959_HTWH2CCXY_SL363570	handrail	Source	
haib17DB4959_HTWH2CCXY_SL363572	handrail	Source	
haib17DB4959_HTWH2CCXY_SL363560	ticket_machine	Source	
haib17DB4959_HTWH2CCXY_SL363536	turnstile	Source	
haib17DB4959_HTWH2CCXY_SL363500	ticket_machine	Source	
haib17DB4959_HTWH2CCXY_SL363558	turnstile	Source	
haib17DB4959_HTWH2CCXY_SL363559	ticket_machine	Source	
haib17DB4959_HTWH2CCXY_SL363545	door	Source	
haib17DB4959_HTWH2CCXY_SL363523	turnstile	Source	
haib17DB4959_HTWH2CCXY_SL363530	handrail	Source	
haib17DB4959_HTWH2CCXY_SL363940	ticket_machine	Source	
haib17DB4959_H3MGVCCXY_SL259837	handrail	Source	
haib17DB4959_HTWH2CCXY_SL363543	ticket_machine	Source	
haib17DB4959_HTWH2CCXY_SL363515	sensor	Source	
haib17DB4959_HTWH2CCXY_SL363506	ticket_machine	Source	
haib17DB4959_HTWH2CCXY_SL363934	handrail	Source	
haib17DB4959_HTWH2CCXY_SL363531	sensor	Source	
haib17DB4959_HTWH2CCXY_SL363507	handrail	Source	
haib17DB4959_HTWH2CCXY_SL363932	sensor	Source	
haib17DB4959_HTWH2CCXY_SL363553	handrail	Source	
haib17DB4959_HTWH2CCXY_SL363579	ticket_machine	Source	
haib17DB4959_HTWH2CCXY_SL363517	sensor	Source	
haib17DB4959_HTWH2CCXY_SL363493	sensor	Source	
haib17DB4959_HTWH2CCXY_SL363925	handrail	Source	
haib17DB4959_H3MGVCCXY_SL259850	door	Source	
haib17DB4959_HTWH2CCXY_SL363516	sensor	Source	
haib17DB4959_H3MGVCCXY_SL259851	sensor	Source	
haib17DB4959_H3MGVCCXY_SL259861	handrail	Source	
haib17DB4959_H3MGVCCXY_SL259827	door	Source	
haib17DB4959_H3MGVCCXY_SL259910	vertical_pole	Source	
haib17DB4959_H3MGVCCXY_SL259898	ticket_machine	Source	
haib17DB4959_H3MGVCCXY_SL259897	vertical_pole	Source	
haib17DB4959_H3MGVCCXY_SL259885	sensor	Source	
haib17DB4959_H3MGVCCXY_SL259874	handrail	Source	
haib17DB4959_H3MGVCCXY_SL259844	ticket_machine	Source	
haib17DB4959_H3MGVCCXY_SL259867	ticket_machine	Source	
haib17DB4959_H3MGVCCXY_SL259881	ticket_machine	Source	
haib17DB4959_H3MGVCCXY_SL259892	vertical_pole	Source	
haib17DB4959_H3MGVCCXY_SL259869	ticket_machine	Source	
haib17DB4959_H3MGVCCXY_SL259868	vertical_pole	Source	
haib17DB4959_H3MGVCCXY_SL259903	handrail	Source	
haib17DB4959_H3MGVCCXY_SL259893	ticket_machine	Source	
haib17DB4959_H3MGVCCXY_SL259833	ticket_machine	Source	
haib17DB4959_H3MGVCCXY_SL259843	handrail	Source	
haib17DB4959_H3MGVCCXY_SL259845	handrail	Source	
haib17DB4959_H3MGVCCXY_SL259832	ticket_machine	Source	
haib17DB4959_H3MGVCCXY_SL259831	ticket_machine	Source	
haib17DB4959_H3MGVCCXY_SL259914	handrail	Source	
haib17DB4959_H3MGVCCXY_SL259894	handrail	Source	
haib17DB4959_H3MGVCCXY_SL259879	ticket_machine	Source	
haib17DB4959_H3MGVCCXY_SL259915	ticket_machine	Source	
haib17DB4959_H3MGVCCXY_SL259919	handrail	Source	
haib17DB4959_H3MGVCCXY_SL259918	ticket_machine	Source	
haib17DB4959_H3MGVCCXY_SL259883	handrail	Source	
haib17CEM5106_HCVMTCCXY_SL269526	kiosk	Source	
haib17CEM5106_HCY5JCCXY_SL269526	kiosk	Source	
haib17CEM5106_HCVMTCCXY_SL269527	turnstile	Source	
haib17CEM5106_HCY5JCCXY_SL269527	turnstile	Source	
haib17CEM5106_HCVMTCCXY_SL269530	kiosk	Source	
haib17CEM5106_HCY5JCCXY_SL269530	kiosk	Source	
haib17CEM5106_HCVMTCCXY_SL269531	turnstile	Source	
haib17CEM5106_HCY5JCCXY_SL269531	turnstile	Source	
haib17CEM5106_HCVMTCCXY_SL269532	turnstile	Source	
haib17CEM5106_HCY5JCCXY_SL269532	turnstile	Source	
haib17CEM5106_HCVMTCCXY_SL269535	kiosk	Source	
haib17CEM5106_HCY5JCCXY_SL269535	kiosk	Source	
haib17CEM5106_HCVMTCCXY_SL269536	door	Source	
haib17CEM5106_HCY5JCCXY_SL269536	door	Source	
haib17CEM5106_HCVMTCCXY_SL269537	center_seat	Source	
haib17CEM5106_HCY5JCCXY_SL269537	center_seat	Source	
haib17CEM5106_HCVMTCCXY_SL269538	door	Source	
haib17CEM5106_HCY5JCCXY_SL269538	door	Source	
haib17CEM5106_HCVMTCCXY_SL269539	center_seat	Source	
haib17CEM5106_HCY5JCCXY_SL269539	center_seat	Source	
haib17CEM5106_HCVMTCCXY_SL269540	pole	Source	
haib17CEM5106_HCY5JCCXY_SL269540	pole	Source	
haib17CEM5106_HCVMTCCXY_SL269541	ceiling_rail	Source	
haib17CEM5106_HCY5JCCXY_SL269541	ceiling_rail	Source	
haib17CEM5106_HCVMTCCXY_SL269542	ceiling_rail	Source	
haib17CEM5106_HCY5JCCXY_SL269542	ceiling_rail	Source	
haib17CEM5106_HCVMTCCXY_SL269543	door	Source	
haib17CEM5106_HCY5JCCXY_SL269543	door	Source	
haib17CEM5106_HCVMTCCXY_SL269544	center_seat	Source	
haib17CEM5106_HCY5JCCXY_SL269544	center_seat	Source	
haib17CEM5106_HCVMTCCXY_SL269545	seat_rail	Source	
haib17CEM5106_HCY5JCCXY_SL269545	seat_rail	Source	
haib17CEM5106_HCVMTCCXY_SL269547	kiosk	Source	
haib17CEM5106_HCY5JCCXY_SL269547	kiosk	Source	
haib17CEM5106_HCVMTCCXY_SL269549	turnstile	Source	
haib17CEM5106_HCY5JCCXY_SL269549	turnstile	Source	
haib17CEM5106_HCVMTCCXY_SL269554	kiosk	Source	
haib17CEM5106_HCY5JCCXY_SL269554	kiosk	Source	
haib17CEM5106_HCVMTCCXY_SL269558	kiosk	Source	
haib17CEM5106_HCY5JCCXY_SL269558	kiosk	Source	
haib17CEM5106_HCVMTCCXY_SL269564	kiosk	Source	
haib17CEM5106_HCY5JCCXY_SL269564	kiosk	Source	
haib17CEM5106_HCVMTCCXY_SL269566	center_seat	Source	
haib17CEM5106_HCY5JCCXY_SL269566	center_seat	Source	
haib17CEM5106_HCVMTCCXY_SL269567	door	Source	
haib17CEM5106_HCY5JCCXY_SL269567	door	Source	
haib17CEM5106_HCVMTCCXY_SL269568	pole	Source	
haib17CEM5106_HCY5JCCXY_SL269568	pole	Source	
haib17CEM5106_HCVMTCCXY_SL269570	door	Source	
haib17CEM5106_HCY5JCCXY_SL269570	door	Source	
haib17CEM5106_HCVMTCCXY_SL269572	ceiling_rail	Source	
haib17CEM5106_HCY5JCCXY_SL269572	ceiling_rail	Source	
haib17CEM5106_HCVMTCCXY_SL269573	pole	Source	
haib17CEM5106_HCY5JCCXY_SL269573	pole	Source	
haib17CEM5106_HCVMTCCXY_SL269574	center_seat	Source	
haib17CEM5106_HCY5JCCXY_SL269574	center_seat	Source	
haib17CEM5106_HCVMTCCXY_SL269575	door	Source	
haib17CEM5106_HCY5JCCXY_SL269575	door	Source	
haib17CEM5106_HCVMTCCXY_SL269584	turnstile	Source	
haib17CEM5106_HCY5JCCXY_SL269584	turnstile	Source	
haib17CEM5106_HCVMTCCXY_SL269589	door	Source	
haib17CEM5106_HCY5JCCXY_SL269589	door	Source	
haib17CEM5106_HCVMTCCXY_SL269590	kiosk	Source	
haib17CEM5106_HCY5JCCXY_SL269590	kiosk	Source	
haib17CEM5106_HCVMTCCXY_SL269591	kiosk	Source	
haib17CEM5106_HCY5JCCXY_SL269591	kiosk	Source	
haib17CEM5106_HCVMTCCXY_SL269593	turnstile	Source	
haib17CEM5106_HCY5JCCXY_SL269593	turnstile	Source	
haib17CEM5106_HCVMTCCXY_SL269597	turnstile	Source	
haib17CEM5106_HCY5JCCXY_SL269597	turnstile	Source	
haib17CEM5106_HCVMTCCXY_SL269598	turnstile	Source	
haib17CEM5106_HCY5JCCXY_SL269598	turnstile	Source	
haib17CEM5106_HCVMTCCXY_SL269600	kiosk	Source	
haib17CEM5106_HCY5JCCXY_SL269600	kiosk	Source	
haib17CEM5106_HCVMTCCXY_SL269601	turnstile	Source	
haib17CEM5106_HCY5JCCXY_SL269601	turnstile	Source	
haib17CEM5106_HCVMTCCXY_SL269610	pole	Source	
haib17CEM5106_HCY5JCCXY_SL269610	pole	Source	
haib17CEM5106_HCVMTCCXY_SL269612	seat_rail	Source	
haib17CEM5106_HCY5JCCXY_SL269612	seat_rail	Source	
haib17CEM5106_HCVMTCCXY_SL269613	seat_rail	Source	
haib17CEM5106_HCY5JCCXY_SL269613	seat_rail	Source	
haib17CEM5106_HCVMTCCXY_SL269614	pole	Source	
haib17CEM5106_HCY5JCCXY_SL269614	pole	Source	
haib17CEM5106_HCVMTCCXY_SL269615	ceiling_rail	Source	
haib17CEM5106_HCY5JCCXY_SL269615	ceiling_rail	Source	
haib17CEM5106_HCV72CCXY_SL269718	turnstile	Source	
haib17CEM5106_HCV72CCXY_SL269723	kiosk	Source	
haib17CEM5106_HCV72CCXY_SL269730	turnstile	Source	
haib17CEM5106_HCV72CCXY_SL269732	kiosk	Source	
haib17CEM5106_HCV72CCXY_SL269735	turnstile	Source	
haib17CEM5106_HCV72CCXY_SL269736	pole	Source	
haib17CEM5106_HCV72CCXY_SL269737	seat_rail	Source	
haib17CEM5106_HCV72CCXY_SL269738	door	Source	
haib17CEM5106_HCV72CCXY_SL269739	ceiling_rail	Source	
haib17CEM5106_HCV72CCXY_SL269740	door	Source	
haib17CEM5106_HCV72CCXY_SL269741	ceiling_rail	Source	
haib17CEM5106_HCV72CCXY_SL269743	turnstile	Source	
haib17CEM5106_HCV72CCXY_SL269744	kiosk	Source	
haib17CEM5106_HCV72CCXY_SL269745	turnstile	Source	
haib17CEM5106_HCV72CCXY_SL269747	kiosk	Source	
haib17CEM5106_HCV72CCXY_SL269751	kiosk	Source	
haib17CEM5106_HCV72CCXY_SL269761	kiosk	Source	
haib17CEM5106_HCV72CCXY_SL269762	door	Source	
haib17CEM5106_HCV72CCXY_SL269764	pole	Source	
haib17CEM5106_HCV72CCXY_SL269765	center_seat	Source	
haib17CEM5106_HCV72CCXY_SL269766	seat_rail	Source	
haib17CEM5106_HCV72CCXY_SL269767	door	Source	
haib17CEM5106_HCV72CCXY_SL269768	pole	Source	
haib17CEM5106_HCV72CCXY_SL269770	door	Source	
haib17CEM5106_HCV72CCXY_SL269771	seat_rail	Source	
haib17CEM5106_HCV72CCXY_SL269780	turnstile	Source	
haib17CEM5106_HCV72CCXY_SL269783	kiosk	Source	
haib17CEM5106_HCV72CCXY_SL269792	door	Source	
haib17CEM5106_HCV72CCXY_SL269793	ceiling_rail	Source	
haib17CEM5106_HCV72CCXY_SL269794	center_seat	Source	
haib17CEM5106_HCV72CCXY_SL269796	pole	Source	
haib17CEM5106_HCV72CCXY_SL269797	seat_rail	Source	
haib17CEM5106_HCV72CCXY_SL269798	door	Source	
haib17CEM5106_HCV72CCXY_SL269799	center_seat	Source	
haib17CEM5106_HCV72CCXY_SL269800	seat_rail	Source	
haib17CEM5106_HCV72CCXY_SL269801	pole	Source	
haib17CEM5106_HCV72CCXY_SL269807	turnstile	Source	
